Workbook

Sheet Dashboard
A1: Tomato Drought Integrated Findings
A3: SeedThermal + StomatalPhenotypingPipeline | 16 varieties · paired watered and drought-stressed plants
A5: PLANT UNITS | D5: VARIETIES | G5: MANUAL STOMATA MASKS | J5: THERMAL MASKS PASSING QC
A6: ='Integrated Plants'!B5 -> 32 | D6: ='Integrated Plants'!B6 -> 1 | G6: ='Treatment Comparison'!B5 -> 85 | J6: ='Thermal Findings & QC'!B5 -> 30
A9: PRIMARY FINDINGS | B9: PRIMARY FINDINGS | C9: PRIMARY FINDINGS | D9: PRIMARY FINDINGS | E9: PRIMARY FINDINGS | F9: PRIMARY FINDINGS | G9: PRIMARY FINDINGS | H9: PRIMARY FINDINGS | I9: PRIMARY FINDINGS | J9: PRIMARY FINDINGS | K9: PRIMARY FINDINGS | L9: PRIMARY FINDINGS | M9: PRIMARY FINDINGS | N9: PRIMARY FINDINGS
A10: Outcome | B10: Watered | C10: Drought-stressed | D10: Paired difference (D − W) | F10: Interpretation
A11: Mean stomatal-complex area (px²) | B11: ='Treatment Comparison'!B11 -> 10968.522 | C11: ='Treatment Comparison'!C11 -> 10211.455 | D11: ='Treatment Comparison'!D11 -> -757.0671 | F11: Stomatal-complex area was 6.9% lower under drought on average, but the paired effect was not statistically clear (95% CI crosses zero; p = 0.434). Canopy temperature likewise showed no overall treatment difference (all 16 pairs: D − W = −0.15 °C; p = 0.448). After excluding the two failed thermal masks, projected plant area was provisionally higher under drought by 2,374 px² across 14 complete QC pairs (p = 0.003); this finding requires mask, geometry, and physical-scale confirmation.
A12: Canopy mean temperature (°C, QC pass) | B12: ='Treatment Comparison'!B19 -> 25.999552 | C12: ='Treatment Comparison'!C19 -> 25.79246 | D12: ='Treatment Comparison'!D19 -> -0.20709242
A13: Projected plant area (px², QC pass) | B13: ='Treatment Comparison'!B22 -> 5957.4667 | C13: ='Treatment Comparison'!C22 -> 8650.6 | D13: ='Treatment Comparison'!D22 -> 2693.1333
A16: EVIDENCE STRENGTH & STUDY LIMITS | B16: EVIDENCE STRENGTH & STUDY LIMITS | C16: EVIDENCE STRENGTH & STUDY LIMITS | D16: EVIDENCE STRENGTH & STUDY LIMITS | E16: EVIDENCE STRENGTH & STUDY LIMITS | F16: EVIDENCE STRENGTH & STUDY LIMITS | G16: EVIDENCE STRENGTH & STUDY LIMITS | H16: EVIDENCE STRENGTH & STUDY LIMITS | I16: EVIDENCE STRENGTH & STUDY LIMITS | J16: EVIDENCE STRENGTH & STUDY LIMITS | K16: EVIDENCE STRENGTH & STUDY LIMITS | L16: EVIDENCE STRENGTH & STUDY LIMITS | M16: EVIDENCE STRENGTH & STUDY LIMITS | N16: EVIDENCE STRENGTH & STUDY LIMITS
A17: Signal | B17: Status | C17: What can be concluded
A18: Stomatal-complex area | B18: No clear treatment effect | C18: 16 paired varieties; plant-level test; 85 selected masks
A19: Canopy temperature | B19: No overall treatment effect | C19: All 16 pairs; two masks fail plant-area QC and may affect temperatures
A20: Projected plant area | B20: Provisional drought increase | C20: 14 complete QC pairs; no physical-area calibration
A24: Treatment | B24: Mean stomatal-complex area (px²) | C24: Mean canopy temperature (°C, QC pass) | E24: Treatment | F24: Mean canopy temperature (°C, QC pass)
A25: Watered | B25: ='Treatment Comparison'!B11 -> 10968.522 | C25: ='Treatment Comparison'!B19 -> 25.999552 | E25: Watered | F25: ='Treatment Comparison'!B19 -> 25.999552
A26: Drought-stressed | B26: ='Treatment Comparison'!C11 -> 10211.455 | C26: ='Treatment Comparison'!C19 -> 25.79246 | E26: Drought-stressed | F26: ='Treatment Comparison'!C19 -> 25.79246

Sheet Integrated Plants
A1: Integrated plant-level phenotype ledger
A4: Study summary | B4: Value
A5: Plant units | B5: =COUNTA(A10:A41) -> 32
A6: Varieties | B6: =COUNTA('Variety Comparison'!#REF!) -> 1
A7: Thermal masks passing QC | B7: =COUNTA(A10:A41)-COUNTA(Z10:Z41) -> 30
A9: study_id | B9: genotype_id | C9: plant_unit_id | D9: variety | E9: variety_class | F9: treatment_code | G9: water_status | H9: water_ml | I9: stomata_image | J9: stomata_photo_serial | K9: thermal_session_id | L9: thermal_session_plant_id | M9: thermal_source_file | N9: thermal_capture_time | O9: canopy_mean_c | P9: canopy_median_c | Q9: canopy_min_c | R9: canopy_max_c | S9: canopy_std_c | T9: canopy_p10_c | U9: canopy_p90_c | V9: canopy_delta_t_air_c | W9: projected_plant_area_px2 | X9: projected_plant_area_fraction | Y9: thermal_mask_qc_passed | Z9: thermal_mask_qc_flag | AA9: stomata_candidates_total | AB9: stomata_candidates_accepted | AC9: stomata_candidates_review | AD9: stomata_candidates_rejected | AE9: stomata_expected_true_candidates | AF9: expert_stomata_objects_total | AG9: stomata_objects_measured | AH9: stomata_measurement_coverage_fraction | AI9: stomatal_complex_area_unit | AJ9: stomatal_complex_area_mean | AK9: stomatal_complex_area_median | AL9: stomatal_complex_area_sd | AM9: stomatal_complex_area_q25 | AN9: stomatal_complex_area_q75
A10: tomato_2026_combined | B10: V01 | C10: TOM26-V01-D | D10: NC264G | E10: breeding_line | F10: control | G10: drought_stressed | H10: 0 | I10: IMG_3040.JPG | J10: 3040 | K10: S20260715 | L10: P01 | M10: S20260715_P01_NC264G_Control.JPG | N10: 2026:07:15 13:59:23.679-04:00 | O10: 25.53801 | P10: 25.576661 | Q10: 24.544715 | R10: 26.564027 | S10: 0.59530753 | T10: 24.720345 | U10: 26.348293 | V10: 0.5380098 | W10: 12039 | X10: 0.039189453 | Y10: TRUE | AA10: 143 | AB10: 8 | AC10: 30 | AD10: 105 | AE10: 23.190175 | AF10: 3 | AG10: 3 | AH10: 1 | AI10: px2 | AJ10: 7280.0298 | AK10: 6492.4525 | AL10: 2410.5039 | AM10: 5927.138 | AN10: 8239.1329
A11: tomato_2026_combined | B11: V01 | C11: TOM26-V01-W | D11: NC264G | E11: breeding_line | F11: regular | G11: watered | H11: 100 | I11: IMG_3011.JPG | J11: 3011 | K11: S20260715 | L11: P02 | M11: S20260715_P02_NC264G_Regular.JPG | N11: 2026:07:15 14:00:57.470-04:00 | O11: 23.446143 | P11: 23.422435 | Q11: 23.182252 | R11: 25.993528 | S11: 0.172166 | T11: 23.351329 | U11: 23.51125 | V11: -1.5538571 | W11: 158443 | X11: 0.51576497 | Y11: FALSE | Z11: auto_mask_selected_more_than_10_percent_of_frame | AA11: 89 | AB11: 4 | AC11: 23 | AD11: 62 | AE11: 14.350672 | AF11: 2 | AG11: 2 | AH11: 1 | AI11: px2 | AJ11: 5641.2697 | AK11: 5641.2697 | AL11: 3497.0009 | AM11: 4404.8931 | AN11: 6877.6462
A12: tomato_2026_combined | B12: V02 | C12: TOM26-V02-D | D12: 25203G | E12: breeding_line | F12: control | G12: drought_stressed | H12: 0 | I12: IMG_3037.JPG | J12: 3037 | K12: S20260715 | L12: P03 | M12: S20260715_P03_25203G_Control.JPG | N12: 2026:07:15 14:01:42.051-04:00 | O12: 25.051257 | P12: 24.886918 | Q12: 24.051359 | R12: 27.891825 | S12: 0.69124353 | T12: 24.324758 | U12: 26.132116 | V12: 0.05125721 | W12: 5927 | X12: 0.01929362 | Y12: TRUE | AA12: 192 | AB12: 18 | AC12: 36 | AD12: 138 | AE12: 34.80266 | AF12: 3 | AG12: 3 | AH12: 1 | AI12: px2 | AJ12: 9400.8817 | AK12: 11024.015 | AL12: 2826.3977 | AM12: 8580.6345 | AN12: 11032.695
A13: tomato_2026_combined | B13: V02 | C13: TOM26-V02-W | D13: 25203G | E13: breeding_line | F13: regular | G13: watered | H13: 100 | I13: IMG_3012.JPG | J13: 3012 | K13: S20260715 | L13: P04 | M13: S20260715_P04_25203G_Regular.JPG | N13: 2026:07:15 14:02:50.179-04:00 | O13: 26.327708 | P13: 26.469159 | Q13: 25.114427 | R13: 27.319915 | S13: 0.62166737 | T13: 25.393757 | U13: 27.054253 | V13: 1.3277078 | W13: 4348 | X13: 0.014153646 | Y13: TRUE | AA13: 332 | AB13: 34 | AC13: 84 | AD13: 214 | AE13: 75.302711 | AF13: 3 | AG13: 3 | AH13: 1 | AI13: px2 | AJ13: 13435.52 | AK13: 13415.392 | AL13: 4462.1635 | AM13: 11199.423 | AN13: 15661.553
A14: tomato_2026_combined | B14: V03 | C14: TOM26-V03-D | D14: 25317G | E14: breeding_line | F14: control | G14: drought_stressed | H14: 0 | I14: IMG_3053.JPG | J14: 3053 | K14: S20260715 | L14: P05 | M14: S20260715_P05_25317G_Control.JPG | N14: 2026:07:15 14:03:36.778-04:00 | O14: 26.180443 | P14: 26.374205 | Q14: 25.044477 | R14: 26.908284 | S14: 0.50099642 | T14: 25.376321 | U14: 26.676034 | V14: 1.1804434 | W14: 8739 | X14: 0.028447266 | Y14: TRUE | AA14: 82 | AB14: 3 | AC14: 20 | AD14: 59 | AE14: 13.113865 | AF14: 3 | AG14: 3 | AH14: 1 | AI14: px2 | AJ14: 8927.5513 | AK14: 9390.4546 | AL14: 837.13196 | AM14: 8675.8263 | AN14: 9410.7279
A15: tomato_2026_combined | B15: V03 | C15: TOM26-V03-W | D15: 25317G | E15: breeding_line | F15: regular | G15: watered | H15: 100 | I15: IMG_3013.JPG | J15: 3013 | K15: S20260715 | L15: P06 | M15: S20260715_P06_25317G_Regular.JPG | N15: 2026:07:15 14:04:15.635-04:00 | O15: 26.232169 | P15: 26.365568 | Q15: 25.026983 | R15: 27.028508 | S15: 0.5636793 | T15: 25.393757 | U15: 26.910002 | V15: 1.2321687 | W15: 5619 | X15: 0.018291016 | Y15: TRUE | AA15: 110 | AB15: 3 | AC15: 21 | AD15: 86 | AE15: 11.236796 | AF15: 3 | AG15: 3 | AH15: 1 | AI15: px2 | AJ15: 10477.077 | AK15: 8925.0192 | AL15: 3823.7804 | AM15: 8299.1858 | AN15: 11878.939
A16: tomato_2026_combined | B16: V04 | C16: TOM26-V04-D | D16: 26-016 | E16: breeding_line | F16: control | G16: drought_stressed | H16: 0 | I16: IMG_3046.JPG | J16: 3046 | K16: S20260715 | L16: P07 | M16: S20260715_P07_26-016_Control.JPG | N16: 2026:07:15 14:04:48.123-04:00 | O16: 25.035619 | P16: 24.930708 | Q16: 24.139631 | R16: 28.291189 | S16: 0.56658874 | T16: 24.491968 | U16: 25.463473 | V16: 0.035619075 | W16: 8257 | X16: 0.026878255 | Y16: TRUE | AA16: 43 | AB16: 0 | AC16: 6 | AD16: 37 | AE16: 3.7338444 | AF16: 3 | AG16: 3 | AH16: 1 | AI16: px2 | AJ16: 11187.912 | AK16: 10728.206 | AL16: 2496.5328 | AM16: 9840.6934 | AN16: 12305.278
A17: tomato_2026_combined | B17: V04 | C17: TOM26-V04-W | D17: 26-016 | E17: breeding_line | F17: regular | G17: watered | H17: 100 | I17: IMG_3014.JPG | J17: 3014 | K17: S20260715 | L17: P08 | M17: S20260715_P08_26-016_Regular.JPG | N17: 2026:07:15 14:05:11.277-04:00 | O17: 25.370568 | P17: 25.34144 | Q17: 24.641349 | R17: 27.422574 | S17: 0.43313523 | T17: 24.82558 | U17: 25.915492 | V17: 0.37056822 | W17: 5583 | X17: 0.018173828 | Y17: TRUE | AA17: 118 | AB17: 15 | AC17: 25 | AD17: 78 | AE17: 27.366071 | AF17: 2 | AG17: 2 | AH17: 1 | AI17: px2 | AJ17: 12299.127 | AK17: 12299.127 | AL17: 7076.1182 | AM17: 9797.3419 | AN17: 14800.913
A18: tomato_2026_combined | B18: V05 | C18: TOM26-V05-D | D18: 26-018 | E18: breeding_line | F18: control | G18: drought_stressed | H18: 0 | I18: IMG_3039.JPG | J18: 3039 | K18: S20260715 | L18: P09 | M18: S20260715_P09_26-018_Control.JPG | N18: 2026:07:15 14:06:19.401-04:00 | O18: 25.710671 | P18: 25.74187 | Q18: 24.737892 | R18: 27.627593 | S18: 0.51214389 | T18: 24.97448 | U18: 26.296451 | V18: 0.71067097 | W18: 9232 | X18: 0.030052083 | Y18: TRUE | AA18: 186 | AB18: 24 | AC18: 46 | AD18: 116 | AE18: 48.878992 | AF18: 2 | AG18: 2 | AH18: 1 | AI18: px2 | AJ18: 9229.5131 | AK18: 9229.5131 | AL18: 3588.5203 | AM18: 7960.7796 | AN18: 10498.247
A19: tomato_2026_combined | B19: V05 | C19: TOM26-V05-W | D19: 26-018 | E19: breeding_line | F19: regular | G19: watered | H19: 100 | I19: IMG_3015.JPG | J19: 3015 | K19: S20260715 | L19: P10 | M19: S20260715_P10_26-018_Regular.JPG | N19: 2026:07:15 14:06:50.181-04:00 | O19: 26.582684 | P19: 26.753507 | Q19: 25.323995 | R19: 28.05345 | S19: 0.56133924 | T19: 25.698419 | U19: 27.13145 | V19: 1.5826843 | W19: 7157 | X19: 0.023297526 | Y19: TRUE | AA19: 176 | AB19: 6 | AC19: 62 | AD19: 108 | AE19: 34.153615 | AF19: 2 | AG19: 2 | AH19: 1 | AI19: px2 | AJ19: 11856.76 | AK19: 11856.76 | AL19: 1739.0888 | AM19: 11241.899 | AN19: 12471.62
A20: tomato_2026_combined | B20: V06 | C20: TOM26-V06-D | D20: 25-014 | E20: breeding_line | F20: control | G20: drought_stressed | H20: 0 | I20: IMG_3042.JPG | J20: 3042 | K20: S20260715 | L20: P11 | M20: S20260715_P11_25-014_Control.JPG | N20: 2026:07:15 14:07:28.049-04:00 | O20: 26.297342 | P20: 26.374205 | Q20: 25.131907 | R20: 29.639669 | S20: 0.62387775 | T20: 25.419906 | U20: 26.84812 | V20: 1.2973417 | W20: 9989 | X20: 0.032516276 | Y20: TRUE | AA20: 114 | AB20: 3 | AC20: 25 | AD20: 86 | AE20: 17.273477 | AF20: 3 | AG20: 3 | AH20: 1 | AI20: px2 | AJ20: 6655.8525 | AK20: 7147.2593 | AL20: 1912.8402 | AM20: 5846.2549 | AN20: 7711.1536
A21: tomato_2026_combined | B21: V06 | C21: TOM26-V06-W | D21: 25-014 | E21: breeding_line | F21: regular | G21: watered | H21: 100 | I21: IMG_3016.JPG | J21: 3016 | K21: S20260715 | L21: P12 | M21: S20260715_P12_25-014_Regular.JPG | N21: 2026:07:15 14:08:06.649-04:00 | O21: 26.382624 | P21: 26.503666 | Q21: 25.393757 | R21: 27.182883 | S21: 0.5072419 | T21: 25.594064 | U21: 26.977 | V21: 1.3826244 | W21: 6486 | X21: 0.021113281 | Y21: TRUE | AA21: 186 | AB21: 5 | AC21: 80 | AD21: 101 | AE21: 48.648629 | AF21: 3 | AG21: 3 | AH21: 1 | AI21: px2 | AJ21: 9363.3859 | AK21: 9508.1402 | AL21: 1496.9206 | AM21: 8653.7434 | AN21: 10145.406
A22: tomato_2026_combined | B22: V07 | C22: TOM26-V07-D | D22: 25-013 | E22: breeding_line | F22: control | G22: drought_stressed | H22: 0 | I22: IMG_3051.JPG | J22: 3051 | K22: S20260715 | L22: P13 | M22: S20260715_P13_25-013_Control.JPG | N22: 2026:07:15 14:08:40.829-04:00 | O22: 26.24766 | P22: 26.356931 | Q22: 25.166859 | R22: 27.122875 | S22: 0.56171841 | T22: 25.41119 | U22: 26.985587 | V22: 1.24766 | W22: 6934 | X22: 0.022571615 | Y22: TRUE | AA22: 135 | AB22: 5 | AC22: 39 | AD22: 91 | AE22: 23.380997 | AF22: 3 | AG22: 3 | AH22: 1 | AI22: px2 | AJ22: 11382.916 | AK22: 12877.403 | AL22: 2991.1885 | AM22: 10408.197 | AN22: 13104.878
A23: tomato_2026_combined | B23: V07 | C23: TOM26-V07-W | D23: 25-013 | E23: breeding_line | F23: regular | G23: watered | H23: 100 | I23: IMG_3017.JPG | J23: 3017 | K23: S20260715 | L23: P14 | M23: S20260715_P14_25-013_Regular.JPG | N23: 2026:07:15 14:09:04.343-04:00 | O23: 26.235427 | P23: 26.339655 | Q23: 25.140646 | R23: 27.242856 | S23: 0.53929612 | T23: 25.41119 | U23: 26.856717 | V23: 1.235427 | W23: 4859 | X23: 0.015817057 | Y23: TRUE | AA23: 139 | AB23: 11 | AC23: 41 | AD23: 87 | AE23: 31.261603 | AF23: 3 | AG23: 3 | AH23: 1 | AI23: px2 | AJ23: 6752.6598 | AK23: 6181.4138 | AL23: 2590.9765 | AM23: 5338.1941 | AN23: 7881.5025
... A31: tomato_2026_combined | B31: V11 | C31: TOM26-V11-W | D31: 26-037 | E31: breeding_line | F31: regular | G31: watered | H31: 100 | I31: IMG_3021.JPG | J31: 3021 | K31: S20260715 | L31: P22 | M31: S20260715_P22_26-037_Regular.JPG | N31: 2026:07:15 14:14:55.455-04:00 | O31: 25.773783 | P31: 25.846078 | Q31: 25.000735 | R31: 26.49504 | S31: 0.40063878 | T31: 25.175595 | U31: 26.287809 | V31: 0.77378326 | W31: 4703 | X31: 0.015309245 | Y31: TRUE | AA31: 169 | AB31: 4 | AC31: 47 | AD31: 118 | AE31: 25.142005 | AF31: 2 | AG31: 2 | AH31: 1 | AI31: px2 | AJ31: 10268.518 | AK31: 10268.518 | AL31: 2588.0345 | AM31: 9353.51 | AN31: 11183.527
A32: tomato_2026_combined | B32: V12 | C32: TOM26-V12-D | D32: 26-033 | E32: breeding_line | F32: control | G32: drought_stressed | H32: 0 | I32: IMG_3034.JPG | J32: 3034 | K32: S20260715 | L32: P23 | M32: S20260715_P23_26-033_Control.JPG | N32: 2026:07:15 14:15:33.287-04:00 | O32: 24.082171 | P32: 24.060189 | Q32: 23.901121 | R32: 25.733181 | S32: 0.096644328 | T32: 23.989523 | U32: 24.201377 | V32: -0.91782861 | W32: 234520 | X32: 0.76341146 | Y32: FALSE | Z32: auto_mask_selected_more_than_10_percent_of_frame | AA32: 302 | AB32: 11 | AC32: 72 | AD32: 219 | AE32: 47.246413 | AF32: 3 | AG32: 3 | AH32: 1 | AI32: px2 | AJ32: 12848.642 | AK32: 13168.755 | AL32: 938.66582 | AM32: 12480.273 | AN32: 13377.067
A33: tomato_2026_combined | B33: V12 | C33: TOM26-V12-W | D33: 26-033 | E33: breeding_line | F33: regular | G33: watered | H33: 100 | I33: IMG_3023.JPG | J33: 3023 | K33: S20260715 | L33: P24 | M33: S20260715_P24_26-033_Regular.JPG | N33: 2026:07:15 14:16:09.286-04:00 | O33: 25.271366 | P33: 25.201798 | Q33: 24.491968 | R33: 28.342064 | S33: 0.45825215 | T33: 24.808048 | U33: 25.599284 | V33: 0.27136567 | W33: 4875 | X33: 0.015869141 | Y33: TRUE | AA33: 207 | AB33: 26 | AC33: 67 | AD33: 114 | AE33: 58.177694 | AF33: 3 | AG33: 3 | AH33: 1 | AI33: px2 | AJ33: 8891.9086 | AK33: 9644.5412 | AL33: 4498.2611 | AM33: 6854.6729 | AN33: 11305.461
A34: tomato_2026_combined | B34: V13 | C34: TOM26-V13-D | D34: Mountain Girl | E34: named_cultivar | F34: control | G34: drought_stressed | H34: 0 | I34: IMG_3047.JPG | J34: 3047 | K34: S20260715 | L34: P25 | M34: S20260715_P25_MountainGirl_Control.JPG | N34: 2026:07:15 14:16:51.799-04:00 | O34: 26.084708 | P34: 25.993528 | Q34: 25.227995 | R34: 28.095942 | S34: 0.5555866 | T34: 25.428621 | U34: 26.873908 | V34: 1.084708 | W34: 5222 | X34: 0.016998698 | Y34: TRUE | AA34: 173 | AB34: 6 | AC34: 68 | AD34: 99 | AE34: 42.475021 | AF34: 3 | AG34: 3 | AH34: 1 | AI34: px2 | AJ34: 9860.2547 | AK34: 10708.698 | AL34: 3322.6659 | AM34: 8452.1637 | AN34: 11692.567
A35: tomato_2026_combined | B35: V13 | C35: TOM26-V13-W | D35: Mountain Girl | E35: named_cultivar | F35: regular | G35: watered | H35: 100 | I35: IMG_3024.JPG | J35: 3024 | K35: S20260715 | L35: P26 | M35: S20260715_P26_MountainGirl_Regular.JPG | N35: 2026:07:15 14:17:23.487-04:00 | O35: 26.066199 | P35: 26.132116 | Q35: 25.271642 | R35: 26.701864 | S35: 0.37191069 | T35: 25.454761 | U35: 26.503666 | V35: 1.0661989 | W35: 5473 | X35: 0.017815755 | Y35: TRUE | AA35: 227 | AB35: 28 | AC35: 77 | AD35: 122 | AE35: 66.296533 | AF35: 3 | AG35: 3 | AH35: 1 | AI35: px2 | AJ35: 11072.47 | AK35: 10574.155 | AL35: 1550.6261 | AM35: 10203.209 | AN35: 11692.573
A36: tomato_2026_combined | B36: V14 | C36: TOM26-V14-D | D36: Ailsa Craig | E36: unknown | F36: control | G36: drought_stressed | H36: 0 | I36: IMG_3054.JPG | J36: 3054 | K36: S20260715 | L36: P27 | M36: S20260715_P27_AlisaCraig_Control.JPG | N36: 2026:07:15 14:17:58.518-04:00 | O36: 26.136908 | P36: 26.158081 | Q36: 25.297822 | R36: 27.465319 | S36: 0.44685457 | T36: 25.507021 | U36: 26.701864 | V36: 1.1369083 | W36: 5262 | X36: 0.017128906 | Y36: TRUE | AA36: 147 | AB36: 5 | AC36: 41 | AD36: 101 | AE36: 26.005332 | AF36: 3 | AG36: 3 | AH36: 1 | AI36: px2 | AJ36: 7561.3913 | AK36: 8320.218 | AL36: 1449.4228 | AM36: 7105.1562 | AN36: 8397.0397
A37: tomato_2026_combined | B37: V14 | C37: TOM26-V14-W | D37: Ailsa Craig | E37: unknown | F37: regular | G37: watered | H37: 100 | I37: IMG_3026.JPG | J37: 3026 | K37: S20260715 | L37: P28 | M37: S20260715_P28_AlisaCraig_Regular.JPG | N37: 2026:07:15 14:18:30.076-04:00 | O37: 26.308309 | P37: 26.313735 | Q37: 25.463473 | R37: 29.597783 | S37: 0.5867256 | T37: 25.628861 | U37: 26.710473 | V37: 1.3083086 | W37: 6948 | X37: 0.022617188 | Y37: TRUE | AA37: 146 | AB37: 0 | AC37: 34 | AD37: 112 | AE37: 13.966949 | AF37: 2 | AG37: 2 | AH37: 1 | AI37: px2 | AJ37: 11373.529 | AK37: 11373.529 | AL37: 198.22952 | AM37: 11303.444 | AN37: 11443.613
A38: tomato_2026_combined | B38: V15 | C38: TOM26-V15-D | D38: NC261G | E38: breeding_line | F38: control | G38: drought_stressed | H38: 0 | I38: IMG_3043.JPG | J38: 3043 | K38: S20260715 | L38: P29 | M38: S20260715_P29_NC261G_Control.JPG | N38: 2026:07:15 14:19:18.272-04:00 | O38: 26.006032 | P38: 26.010862 | Q38: 25.254186 | R38: 28.04495 | S38: 0.42256504 | T38: 25.419906 | U38: 26.43464 | V38: 1.0060316 | W38: 7873 | X38: 0.025628255 | Y38: TRUE | AA38: 154 | AB38: 12 | AC38: 51 | AD38: 91 | AE38: 39.237482 | AF38: 2 | AG38: 2 | AH38: 1 | AI38: px2 | AJ38: 6918.0359 | AK38: 6918.0359 | AL38: 122.83476 | AM38: 6874.6073 | AN38: 6961.4646
A39: tomato_2026_combined | B39: V15 | C39: TOM26-V15-W | D39: NC261G | E39: breeding_line | F39: regular | G39: watered | H39: 100 | I39: IMG_3027.JPG | J39: 3027 | K39: S20260715 | L39: P30 | M39: S20260715_P30_NC261G_Regular.JPG | N39: 2026:07:15 14:20:01.564-04:00 | O39: 25.749493 | P39: 25.750558 | Q39: 24.956974 | R39: 26.43464 | S39: 0.41098188 | T39: 25.193065 | U39: 26.296451 | V39: 0.74949301 | W39: 4430 | X39: 0.014420573 | Y39: TRUE | AA39: 213 | AB39: 20 | AC39: 56 | AD39: 137 | AE39: 46.287424 | AF39: 3 | AG39: 3 | AH39: 1 | AI39: px2 | AJ39: 14027.556 | AK39: 13578.966 | AL39: 6110.7308 | AM39: 10866.224 | AN39: 16964.593
A40: tomato_2026_combined | B40: V16 | C40: TOM26-V16-D | D40: Mountain Heritage | E40: named_cultivar | F40: control | G40: drought_stressed | H40: 0 | I40: IMG_3055.JPG | J40: 3055 | K40: S20260715 | L40: P31 | M40: S20260715_P31_MountainHeritage_Control.JPG | N40: 2026:07:15 14:21:19.554-04:00 | O40: 25.357424 | P40: 25.376321 | Q40: 24.764206 | R40: 27.019926 | S40: 0.34585338 | T40: 24.895677 | U40: 25.785303 | V40: 0.35742445 | W40: 10466 | X40: 0.03406901 | Y40: TRUE | AA40: 168 | AB40: 10 | AC40: 37 | AD40: 121 | AE40: 23.323475 | AF40: 3 | AG40: 3 | AH40: 1 | AI40: px2 | AJ40: 13223.015 | AK40: 14378.222 | AL40: 2531.2274 | AM40: 12349.251 | AN40: 14674.382
A41: tomato_2026_combined | B41: V16 | C41: TOM26-V16-W | D41: Mountain Heritage | E41: named_cultivar | F41: regular | G41: watered | H41: 100 | I41: IMG_3028.JPG | J41: 3028 | K41: S20260715 | L41: P32 | M41: S20260715_P32_MountainHeritage_Regular.JPG | N41: 2026:07:15 14:20:32.888-04:00 | O41: 25.343926 | P41: 25.367602 | Q41: 24.869396 | R41: 26.002196 | S41: 0.26305202 | T41: 24.956974 | U41: 25.67234 | V41: 0.34392576 | W41: 6137 | X41: 0.019977214 | Y41: TRUE | AA41: 247 | AB41: 10 | AC41: 49 | AD41: 188 | AE41: 32.378073 | AF41: 3 | AG41: 3 | AH41: 1 | AI41: px2 | AJ41: 11369.347 | AK41: 8645.4658 | AL41: 7281.8523 | AM41: 7243.7897 | AN41: 14132.964

Sheet Stomatal Measurements
A1: Per-stomata measurement ledger
A4: Objects | B4: Plants | C4: Watered objects | D4: Drought-stressed objects
A5: =COUNTA(A9:A93) -> 85 | B5: =COUNTA('Integrated Plants'!A10:A41) -> 32 | C5: =COUNTIF(E9:E93,"watered") -> 42 | D5: =COUNTIF(E9:E93,"drought_stressed") -> 43
A6: Selection | B6: Top local image quality | C6: Status | D6: Accepted + measurement QC passed
A8: object_id | B8: stomata_image | C8: filename | D8: variety | E8: water_status | F8: water_ml | G8: quality_rank_among_all_expert_boxes | H8: selected_rank_among_completed_masks | I8: local_quality_score | J8: local_focus_score | K8: local_contrast_5_95 | L8: local_clipped_fraction | M8: edge_margin_px | N8: complex_length_px | O8: complex_width_px | P8: complex_area_px2 | Q8: complex_perimeter_px | R8: complex_aspect_ratio | S8: complex_eccentricity | T8: complex_solidity | U8: orientation_deg | V8: complex_convex_area_px2 | W8: complex_equivalent_diameter_px | X8: complex_circularity | Y8: complex_centroid_x_px | Z8: complex_centroid_y_px | AA8: area_unit | AB8: length_unit | AC8: decision_status | AD8: measurement_quality_passed | AE8: polygon_json
A9: IMG_3011:0012 | B9: IMG_3011.JPG | C9: IMG_3011.JPG | D9: NC264G | E9: watered | F9: 100 | G9: 2 | H9: 1 | I9: 8.059118 | J9: 65.494957 | K9: 164 | L9: 0.079336 | M9: 1613.51 | N9: 71.190063 | O9: 55.52002 | P9: 3168.5166 | Q9: 207.37435 | R9: 1.2822413 | S9: 0.62592358 | T9: 1 | U9: 90 | V9: 3168.5166 | W9: 63.515987 | X9: 0.92588226 | Y9: 3198.2578 | Z9: 1659.6962 | AA9: px2 | AB9: px | AC9: accepted | AD9: TRUE | AE9: [[3172.96,1637.78],[3178.65,1627.11],[3194.31,1624.97],[3209.97,1627.11],[3220.3,1637.78],[3225.28,1649.89],[3228.48,1661.99],[3217.45,1688.33],[3203.21,1696.16],[3181.14,1690.46],[3172.96,1680.5]]
A10: IMG_3011:0017 | B10: IMG_3011.JPG | C10: IMG_3011.JPG | D10: NC264G | E10: watered | F10: 100 | G10: 4 | H10: 2 | I10: 7.830031 | J10: 50.540874 | K10: 161 | L10: 0.045781 | M10: 1923.33 | N10: 123.23769 | O10: 83.304771 | P10: 8114.0227 | Q10: 354.90552 | R10: 1.4793594 | S10: 0.73693072 | T10: 0.97544633 | U10: 33.689957 | V10: 8318.2667 | W10: 101.64199 | X10: 0.80950694 | Y10: 3152.1133 | Z10: 2009.6206 | AA10: px2 | AB10: px | AC10: accepted | AD10: TRUE | AE10: [[3106.62,1966.94],[3121.46,1962.98],[3129.38,1966.45],[3139.28,1961.5],[3152.14,1961.99],[3166.99,1971.89],[3183.81,1983.27],[3199.15,1997.12],[3213.99,2013.95],[3211.52,2031.76],[3201.13,2047.1],[3195.68,2054.52],[3175.89,2045.12],[3175.89,2052.54],[3169.95,2061.45],[3147.69,2052.05],[3111.07,2034.73],[3102.66,2020.87],[3094.74,2006.03],[3096.23,1982.77]]
A11: IMG_3012:0005 | B11: IMG_3012.JPG | C11: IMG_3012.JPG | D11: 25203G | E11: watered | F11: 100 | G11: 1 | H11: 1 | I11: 9.427684 | J11: 137.12416 | K11: 180 | L11: 0.000156 | M11: 1619.81 | N11: 154.67693 | O11: 117.21194 | P11: 13415.392 | Q11: 463.59414 | R11: 1.3196345 | S11: 0.65250365 | T11: 0.95475264 | U11: 38.444038 | V11: 14051.17 | W11: 130.69433 | X11: 0.78439958 | Y11: 2273.6323 | Z11: 3691.4786 | AA11: px2 | AB11: px | AC11: accepted | AD11: TRUE | AE11: [[2250.53,3616.56],[2278.52,3623.02],[2311.53,3647.42],[2331.62,3676.84],[2332.34,3701.95],[2334.49,3720.61],[2337.36,3735.68],[2326.59,3748.59],[2316.55,3742.13],[2307.22,3743.57],[2297.89,3749.31],[2295.02,3762.22],[2298.61,3778.01],[2286.41,3775.86],[2261.3,3757.2],[2236.9,3737.83],[2226.14,3717.02],[2213.94,3691.9],[2214.66,3668.94],[2220.4,3639.52],[2230.44,3621.59]]
A12: IMG_3012:0028 | B12: IMG_3012.JPG | C12: IMG_3012.JPG | D12: 25203G | E12: watered | F12: 100 | G12: 2 | H12: 2 | I12: 9.21017 | J12: 81.912605 | K12: 192 | L12: 0.002539 | M12: 562.32 | N12: 129.59874 | O12: 86.269783 | P12: 8983.455 | Q12: 350.55963 | R12: 1.5022495 | S12: 0.74624769 | T12: 1 | U12: 149.45206 | V12: 8983.455 | W12: 106.94901 | X12: 0.91860636 | Y12: 3370.2078 | Z12: 2629.9265 | AA12: px2 | AB12: px | AC12: accepted | AD12: TRUE | AE12: [[3326.59,2605.1],[3356.7,2587.33],[3385.32,2577.46],[3398.15,2577.46],[3413.94,2586.35],[3421.84,2594.24],[3433.19,2628.29],[3409.01,2656.42],[3367.55,2681.1],[3335.48,2679.12],[3314.75,2667.77],[3311.79,2641.12],[3314.75,2626.32]]
A13: IMG_3012:0041 | B13: IMG_3012.JPG | C13: IMG_3012.JPG | D13: 25203G | E13: watered | F13: 100 | G13: 3 | H13: 3 | I13: 9.200197 | J13: 127.27567 | K13: 174 | L13: 0.001328 | M13: 500.67 | N13: 171.30595 | O13: 132.53174 | P13: 17907.714 | Q13: 497.39871 | R13: 1.2925655 | S13: 0.63360687 | T13: 0.98654418 | U13: 52.846115 | V13: 18151.964 | W13: 150.99937 | X13: 0.90957959 | Y13: 588.02292 | Z13: 5296.5123 | AA13: px2 | AB13: px | AC13: accepted | AD13: TRUE | AE13: [[530.77,5228.43],[512.26,5263.28],[518.79,5297.04],[531.32,5305.75],[535.13,5311.74],[533.5,5322.09],[529.69,5328.63],[533.5,5336.79],[565.08,5370.56],[588.5,5381.45],[599.39,5378.72],[615.72,5377.09],[632.6,5366.2],[644.58,5352.04],[663.64,5332.44],[663.1,5306.84],[652.75,5274.72],[627.16,5240.95],[597.21,5221.9],[569.44,5213.18],[550.38,5216.99]]
A14: IMG_3013:0006 | B14: IMG_3013.JPG | C14: IMG_3013.JPG | D14: 25317G | E14: watered | F14: 100 | G14: 1 | H14: 1 | I14: 7.835949 | J14: 62.066574 | K14: 162 | L14: 0.119414 | M14: 253.16 | N14: 124.92149 | O14: 93.090919 | P14: 8925.0192 | Q14: 355.17612 | R14: 1.3419299 | S14: 0.66684615 | T14: 0.98902909 | U14: 129.38995 | V14: 9024.0208 | W14: 106.6006 | X14: 0.88906091 | Y14: 328.75752 | Z14: 999.38349 | AA14: px2 | AB14: px | AC14: accepted | AD14: TRUE | AE14: [[271.97,1003.29],[315.99,949.68],[344.21,939.52],[357.19,951.93],[382.59,960.96],[383.15,988.62],[370.17,1030.39],[345.9,1043.37],[320.5,1051.83],[295.11,1047.88],[276.48,1035.47],[265.76,1023.05]]
A15: IMG_3013:0007 | B15: IMG_3013.JPG | C15: IMG_3013.JPG | D15: 25317G | E15: watered | F15: 100 | G15: 2 | H15: 2 | I15: 7.237043 | J15: 54.410954 | K15: 155 | L15: 0.217578 | M15: 209.24 | N15: 159.87743 | O15: 119.27454 | P15: 14832.859 | Q15: 454.03489 | R15: 1.3404154 | S15: 0.66590407 | T15: 1 | U15: 166.84036 | V15: 14832.859 | W15: 137.42555 | X15: 0.90418287 | Y15: 461.7352 | Z15: 281.91753 | AA15: px2 | AB15: px | AC15: accepted | AD15: TRUE | AE15: [[387.14,292.83],[402.84,257.78],[422.72,235.27],[455.16,224.29],[495.45,214.87],[509.06,213.3],[535.22,231.09],[532.08,282.89],[504.35,324.23],[459.87,345.68],[425.34,350.92],[411.21,350.92],[393.42,326.85]]
A16: IMG_3013:0004 | B16: IMG_3013.JPG | C16: IMG_3013.JPG | D16: 25317G | E16: watered | F16: 100 | G16: 3 | H16: 3 | I16: 6.29016 | J16: 38.518204 | K16: 132 | L16: 0.228867 | M16: 1273.18 | N16: 121.04131 | O16: 75.296768 | P16: 7673.3525 | Q16: 336.04815 | R16: 1.6075233 | S16: 0.78295767 | T16: 0.99073934 | U16: 163.78353 | V16: 7745.077 | W16: 98.843391 | X16: 0.85387045 | Y16: 3026.7033 | Z16: 2661.3475 | AA16: px2 | AB16: px | AC16: accepted | AD16: TRUE | AE16: [[2980.4,2638.37],[2963.64,2660.86],[2967.61,2678.5],[2978.64,2695.26],[2998.93,2701.88],[3037.74,2700.11],[3070.37,2687.76],[3084.93,2666.59],[3077.43,2642.34],[3080.07,2631.75],[3066.84,2613.23]]
A17: IMG_3014:0023 | B17: IMG_3014.JPG | C17: IMG_3014.JPG | D17: 26-016 | E17: watered | F17: 100 | G17: 2 | H17: 1 | I17: 8.52004 | J17: 63.051533 | K17: 181 | L17: 0.054883 | M17: 980.12 | N17: 121.47855 | O17: 73.981712 | P17: 7295.5563 | Q17: 325.11534 | R17: 1.6420078 | S17: 0.79316215 | T17: 0.99968194 | U17: 41.924198 | V17: 7297.8775 | W17: 96.379411 | X17: 0.86734797 | Y17: 2938.9988 | Z17: 3566.1794 | AA17: px2 | AB17: px | AC17: accepted | AD17: TRUE | AE17: [[2886.5,3536.21],[2902.27,3513.43],[2913.37,3510.51],[2932.07,3520.44],[2958.94,3534.46],[2989.91,3568.93],[2994.58,3591.13],[2975.3,3613.92],[2953.68,3618.59],[2925.64,3603.99],[2897.01,3578.28]]
A18: IMG_3014:0018 | B18: IMG_3014.JPG | C18: IMG_3014.JPG | D18: 26-016 | E18: watered | F18: 100 | G18: 4 | H18: 2 | I18: 8.328243 | J18: 62.24353 | K18: 168 | L18: 0.00625 | M18: 1065.93 | N18: 179.46471 | O18: 126.09135 | P18: 17302.699 | Q18: 487.16469 | R18: 1.4232911 | S18: 0.71158804 | T18: 1 | U18: 139.92569 | V18: 17302.699 | W18: 148.42668 | X18: 0.91616163 | Y18: 1164.4736 | Z18: 3233.42 | AA18: px2 | AB18: px | AC18: accepted | AD18: TRUE | AE18: [[1095.62,3207.15],[1130.28,3177.99],[1171.55,3168.64],[1214.46,3173.04],[1241.43,3182.39],[1252.43,3209.35],[1250.78,3228.61],[1237.02,3252.82],[1197.96,3285.83],[1170.45,3305.09],[1147.34,3300.69],[1120.38,3291.88],[1100.57,3285.28],[1079.11,3268.22],[1077.46,3248.42],[1079.11,3230.81],[1084.06,3220.36]]
A19: IMG_3015:0003 | B19: IMG_3015.JPG | C19: IMG_3015.JPG | D19: 26-018 | E19: watered | F19: 100 | G19: 1 | H19: 1 | I19: 8.908399 | J19: 55.067894 | K19: 196 | L19: 0.006055 | M19: 1408.28 | N19: 166.68166 | O19: 104.80622 | P19: 13086.481 | Q19: 437.25834 | R19: 1.5903794 | S19: 0.77758262 | T19: 0.98338297 | U19: 69.730995 | V19: 13307.614 | W19: 129.08224 | X19: 0.86011507 | Y19: 1496.5145 | Z19: 4427.9082 | AA19: px2 | AB19: px | AC19: accepted | AD19: FALSE | AE19: [[1448.65,4355.1],[1441.21,4373.71],[1438.23,4403.49],[1444.93,4425.82],[1447.91,4441.46],[1453.86,4465.28],[1472.48,4483.9],[1497.79,4496.55],[1524.59,4504.74],[1543.2,4496.55],[1549.9,4480.17],[1558.84,4466.77],[1562.56,4457.09],[1556.6,4442.95],[1547.67,4431.04],[1540.97,4416.89],[1544.69,4408.7],[1537.99,4393.81],[1521.61,4378.18],[1511.19,4366.27],[1486.62,4355.1],[1475.45,4349.89],[1463.54,4351.38]]
A20: IMG_3015:0007 | B20: IMG_3015.JPG | C20: IMG_3015.JPG | D20: 26-018 | E20: watered | F20: 100 | G20: 2 | H20: 2 | I20: 8.863619 | J20: 43.554111 | K20: 203 | L20: 0.002695 | M20: 126.59 | N20: 147.02596 | O20: 90.47496 | P20: 10627.038 | Q20: 387.23481 | R20: 1.6250458 | S20: 0.78824053 | T20: 1 | U20: 15.553748 | V20: 10627.038 | W20: 116.32182 | X20: 0.89058079 | Y20: 1073.1847 | Z20: 5796.7279 | AA20: px2 | AB20: px | AC20: accepted | AD20: TRUE | AE20: [[1006.82,5799.77],[1007.41,5775.64],[1022.12,5748.57],[1040.96,5740.33],[1074.5,5748.57],[1095.69,5757.4],[1110.4,5764.46],[1126.29,5779.17],[1142.77,5805.65],[1145.12,5829.19],[1120.4,5844.5],[1098.63,5849.2],[1041.54,5833.31],[1016.24,5819.78]]
... A93: IMG_3055:0015 | B93: IMG_3055.JPG | C93: IMG_3055.JPG | D93: Mountain Heritage | E93: drought_stressed | F93: 0 | G93: 3 | H93: 3 | I93: 8.015991 | J93: 52.361237 | K93: 163 | L93: 0.012031 | M93: 1523.14 | N93: 132.78072 | O93: 111.60754 | P93: 10320.28 | Q93: 413.94548 | R93: 1.189711 | S93: 0.5417491 | T93: 0.92523062 | U93: 139.66065 | V93: 11154.279 | W93: 114.63066 | X93: 0.75685915 | Y93: 4385.8313 | Z93: 1825.1869 | AA93: px2 | AB93: px | AC93: accepted | AD93: TRUE | AE93: [[4329.99,1835.81],[4360.94,1772.08],[4390.68,1752.05],[4414.96,1750.84],[4425.27,1768.44],[4410.1,1790.29],[4424.06,1816.39],[4444.09,1821.85],[4440.45,1850.98],[4396.14,1888.61],[4383.4,1892.86],[4353.66,1877.08],[4333.02,1859.48]]

Sheet Variety Comparison
A1: Sixteen-variety paired comparison
A4: variety | B4: watered_plant_unit_id | C4: drought_plant_unit_id | D4: watered_mean_area | E4: drought_mean_area | F4: descriptive_mean_area | G4: difference_drought_minus_watered | H4: watered_n_stomata | I4: drought_n_stomata | J4: complete_pair | K4: area_unit | L4: watered_canopy_mean_c | M4: drought_canopy_mean_c | N4: difference_drought_minus_watered_canopy_mean_c | O4: watered_canopy_delta_t_air_c | P4: drought_canopy_delta_t_air_c | Q4: difference_drought_minus_watered_canopy_delta_t_air_c | R4: watered_projected_plant_area_px2 | S4: drought_projected_plant_area_px2 | T4: difference_drought_minus_watered_projected_plant_area_px2 | U4: watered_projected_plant_area_fraction | V4: drought_projected_plant_area_fraction | W4: difference_drought_minus_watered_projected_plant_area_fraction | X4: watered_thermal_mask_qc_passed | Y4: drought_thermal_mask_qc_passed | Z4: qc_pair | AA4: qc_canopy_diff_c | AB4: qc_projected_area_diff_px2
A5: NC264G | B5: TOM26-V01-W | C5: TOM26-V01-D | D5: 5641.2697 | E5: 7280.0298 | F5: 6460.6497 | G5: 1638.7601 | H5: 2 | I5: 3 | J5: TRUE | K5: px2 | L5: 23.446143 | M5: 25.53801 | N5: 2.0918669 | O5: -1.5538571 | P5: 0.5380098 | Q5: 2.0918669 | R5: 158443 | S5: 12039 | T5: -146404 | U5: 0.51576497 | V5: 0.039189453 | W5: -0.47657552 | X5: FALSE | Y5: TRUE | Z5: =AND(X5,Y5) -> FALSE | AA5: =IF(Z5,N5,"") | AB5: =IF(Z5,T5,"")
A6: 25203G | B6: TOM26-V02-W | C6: TOM26-V02-D | D6: 13435.52 | E6: 9400.8817 | F6: 11418.201 | G6: -4034.6386 | H6: 3 | I6: 3 | J6: TRUE | K6: px2 | L6: 26.327708 | M6: 25.051257 | N6: -1.2764506 | O6: 1.3277078 | P6: 0.05125721 | Q6: -1.2764506 | R6: 4348 | S6: 5927 | T6: 1579 | U6: 0.014153646 | V6: 0.01929362 | W6: 0.005139974 | X6: TRUE | Y6: TRUE | Z6: =AND(X6,Y6) -> TRUE | AA6: =IF(Z6,N6,"") -> -1.2764506 | AB6: =IF(Z6,T6,"") -> 1579
A7: 25317G | B7: TOM26-V03-W | C7: TOM26-V03-D | D7: 10477.077 | E7: 8927.5513 | F7: 9702.3141 | G7: -1549.5256 | H7: 3 | I7: 3 | J7: TRUE | K7: px2 | L7: 26.232169 | M7: 26.180443 | N7: -0.051725319 | O7: 1.2321687 | P7: 1.1804434 | Q7: -0.051725319 | R7: 5619 | S7: 8739 | T7: 3120 | U7: 0.018291016 | V7: 0.028447266 | W7: 0.01015625 | X7: TRUE | Y7: TRUE | Z7: =AND(X7,Y7) -> TRUE | AA7: =IF(Z7,N7,"") -> -0.051725319 | AB7: =IF(Z7,T7,"") -> 3120
A8: 26-016 | B8: TOM26-V04-W | C8: TOM26-V04-D | D8: 12299.127 | E8: 11187.912 | F8: 11743.52 | G8: -1111.215 | H8: 2 | I8: 3 | J8: TRUE | K8: px2 | L8: 25.370568 | M8: 25.035619 | N8: -0.33494915 | O8: 0.37056822 | P8: 0.035619075 | Q8: -0.33494915 | R8: 5583 | S8: 8257 | T8: 2674 | U8: 0.018173828 | V8: 0.026878255 | W8: 0.0087044271 | X8: TRUE | Y8: TRUE | Z8: =AND(X8,Y8) -> TRUE | AA8: =IF(Z8,N8,"") -> -0.33494915 | AB8: =IF(Z8,T8,"") -> 2674
A9: 26-018 | B9: TOM26-V05-W | C9: TOM26-V05-D | D9: 11856.76 | E9: 9229.5131 | F9: 10543.136 | G9: -2627.2465 | H9: 2 | I9: 2 | J9: TRUE | K9: px2 | L9: 26.582684 | M9: 25.710671 | N9: -0.87201334 | O9: 1.5826843 | P9: 0.71067097 | Q9: -0.87201334 | R9: 7157 | S9: 9232 | T9: 2075 | U9: 0.023297526 | V9: 0.030052083 | W9: 0.0067545573 | X9: TRUE | Y9: TRUE | Z9: =AND(X9,Y9) -> TRUE | AA9: =IF(Z9,N9,"") -> -0.87201334 | AB9: =IF(Z9,T9,"") -> 2075
A10: 25-014 | B10: TOM26-V06-W | C10: TOM26-V06-D | D10: 9363.3859 | E10: 6655.8525 | F10: 8009.6192 | G10: -2707.5334 | H10: 3 | I10: 3 | J10: TRUE | K10: px2 | L10: 26.382624 | M10: 26.297342 | N10: -0.085282695 | O10: 1.3826244 | P10: 1.2973417 | Q10: -0.085282695 | R10: 6486 | S10: 9989 | T10: 3503 | U10: 0.021113281 | V10: 0.032516276 | W10: 0.011402995 | X10: TRUE | Y10: TRUE | Z10: =AND(X10,Y10) -> TRUE | AA10: =IF(Z10,N10,"") -> -0.085282695 | AB10: =IF(Z10,T10,"") -> 3503
A11: 25-013 | B11: TOM26-V07-W | C11: TOM26-V07-D | D11: 6752.6598 | E11: 11382.916 | F11: 9067.7878 | G11: 4630.2561 | H11: 3 | I11: 3 | J11: TRUE | K11: px2 | L11: 26.235427 | M11: 26.24766 | N11: 0.01223295 | O11: 1.235427 | P11: 1.24766 | Q11: 0.01223295 | R11: 4859 | S11: 6934 | T11: 2075 | U11: 0.015817057 | V11: 0.022571615 | W11: 0.0067545573 | X11: TRUE | Y11: TRUE | Z11: =AND(X11,Y11) -> TRUE | AA11: =IF(Z11,N11,"") -> 0.01223295 | AB11: =IF(Z11,T11,"") -> 2075
A12: Cherokee Purple | B12: TOM26-V08-W | C12: TOM26-V08-D | D12: 14992.608 | E12: 10230.201 | F12: 12611.405 | G12: -4762.4068 | H12: 3 | I12: 2 | J12: TRUE | K12: px2 | L12: 26.771507 | M12: 25.67106 | N12: -1.1004472 | O12: 1.7715068 | P12: 0.67105967 | Q12: -1.1004472 | R12: 10309 | S12: 7754 | T12: -2555 | U12: 0.033557943 | V12: 0.025240885 | W12: -0.0083170573 | X12: TRUE | Y12: TRUE | Z12: =AND(X12,Y12) -> TRUE | AA12: =IF(Z12,N12,"") -> -1.1004472 | AB12: =IF(Z12,T12,"") -> -2555
A13: 25-12 | B13: TOM26-V09-W | C13: TOM26-V09-D | D13: 13669.804 | E13: 11651.688 | F13: 12660.746 | G13: -2018.1158 | H13: 3 | I13: 3 | J13: TRUE | K13: px2 | L13: 25.867038 | M13: 25.613819 | N13: -0.25321866 | O13: 0.86703763 | P13: 0.61381898 | Q13: -0.25321866 | R13: 6003 | S13: 10107 | T13: 4104 | U13: 0.019541016 | V13: 0.032900391 | W13: 0.013359375 | X13: TRUE | Y13: TRUE | Z13: =AND(X13,Y13) -> TRUE | AA13: =IF(Z13,N13,"") -> -0.25321866 | AB13: =IF(Z13,T13,"") -> 4104
A14: Mountain Gem | B14: TOM26-V10-W | C14: TOM26-V10-D | D14: 10004.817 | E14: 9574.0218 | F14: 9789.4194 | G14: -430.79531 | H14: 2 | I14: 2 | J14: TRUE | K14: px2 | L14: 25.710484 | M14: 26.069175 | N14: 0.35869076 | O14: 0.71048395 | P14: 1.0691747 | Q14: 0.35869076 | R14: 6432 | S14: 11522 | T14: 5090 | U14: 0.0209375 | V14: 0.03750651 | W14: 0.01656901 | X14: TRUE | Y14: TRUE | Z14: =AND(X14,Y14) -> TRUE | AA14: =IF(Z14,N14,"") -> 0.35869076 | AB14: =IF(Z14,T14,"") -> 5090
A15: 26-037 | B15: TOM26-V11-W | C15: TOM26-V11-D | D15: 10268.518 | E15: 17451.377 | F15: 13859.948 | G15: 7182.8587 | H15: 2 | I15: 2 | J15: TRUE | K15: px2 | L15: 25.773783 | M15: 25.88677 | N15: 0.11298666 | O15: 0.77378326 | P15: 0.88676992 | Q15: 0.11298666 | R15: 4703 | S15: 10436 | T15: 5733 | U15: 0.015309245 | V15: 0.033971354 | W15: 0.018662109 | X15: TRUE | Y15: TRUE | Z15: =AND(X15,Y15) -> TRUE | AA15: =IF(Z15,N15,"") -> 0.11298666 | AB15: =IF(Z15,T15,"") -> 5733
A16: 26-033 | B16: TOM26-V12-W | C16: TOM26-V12-D | D16: 8891.9086 | E16: 12848.642 | F16: 10870.275 | G16: 3956.7331 | H16: 3 | I16: 3 | J16: TRUE | K16: px2 | L16: 25.271366 | M16: 24.082171 | N16: -1.1891943 | O16: 0.27136567 | P16: -0.91782861 | Q16: -1.1891943 | R16: 4875 | S16: 234520 | T16: 229645 | U16: 0.015869141 | V16: 0.76341146 | W16: 0.74754232 | X16: TRUE | Y16: FALSE | Z16: =AND(X16,Y16) -> FALSE | AA16: =IF(Z16,N16,"") | AB16: =IF(Z16,T16,"")
... A20: Mountain Heritage | B20: TOM26-V16-W | C20: TOM26-V16-D | D20: 11369.347 | E20: 13223.015 | F20: 12296.181 | G20: 1853.6678 | H20: 3 | I20: 3 | J20: TRUE | K20: px2 | L20: 25.343926 | M20: 25.357424 | N20: 0.013498686 | O20: 0.34392576 | P20: 0.35742445 | Q20: 0.013498686 | R20: 6137 | S20: 10466 | T20: 4329 | U20: 0.019977214 | V20: 0.03406901 | W20: 0.014091797 | X20: TRUE | Y20: TRUE | Z20: =AND(X20,Y20) -> TRUE | AA20: =IF(Z20,N20,"") -> 0.013498686 | AB20: =IF(Z20,T20,"") -> 4329
AD25: Variety | AE25: Watered mean area | AF25: Drought-stressed mean area
AD26: =A5 -> NC264G | AE26: =D5 -> 5641.2697 | AF26: =E5 -> 7280.0298
AD27: =A6 -> 25203G | AE27: =D6 -> 13435.52 | AF27: =E6 -> 9400.8817
AD28: =A7 -> 25317G | AE28: =D7 -> 10477.077 | AF28: =E7 -> 8927.5513
AD29: =A8 -> 26-016 | AE29: =D8 -> 12299.127 | AF29: =E8 -> 11187.912
AD30: =A9 -> 26-018 | AE30: =D9 -> 11856.76 | AF30: =E9 -> 9229.5131
AD31: =A10 -> 25-014 | AE31: =D10 -> 9363.3859 | AF31: =E10 -> 6655.8525
AD32: =A11 -> 25-013 | AE32: =D11 -> 6752.6598 | AF32: =E11 -> 11382.916
AE33: =D12 -> 14992.608 | AF33: =E12 -> 10230.201
AE34: =D13 -> 13669.804 | AF34: =E13 -> 11651.688
AD35: =A14 -> Mountain Gem | AE35: =D14 -> 10004.817 | AF35: =E14 -> 9574.0218
AD36: =A15 -> 26-037 | AE36: =D15 -> 10268.518 | AF36: =E15 -> 17451.377
AD37: =A16 -> 26-033 | AE37: =D16 -> 8891.9086 | AF37: =E16 -> 12848.642
AD38: =A17 -> Mountain Girl | AE38: =D17 -> 11072.47 | AF38: =E17 -> 9860.2547
AD39: =A18 -> Ailsa Craig | AE39: =D18 -> 11373.529 | AF39: =E18 -> 7561.3913
AD40: =A19 -> NC261G | AE40: =D19 -> 14027.556 | AF40: =E19 -> 6918.0359
AD41: =A20 -> Mountain Heritage | AE41: =D20 -> 11369.347 | AF41: =E20 -> 13223.015

Sheet Treatment Comparison
A1: Treatment-level findings and paired statistics
A4: Study dimension | B4: Value
A5: Manually measured stomata | B5: =COUNTA('Stomatal Measurements'!A9:A93) -> 85
A6: Plant units | B6: ='Integrated Plants'!B5 -> 32
A7: Complete variety pairs | B7: =COUNTA('Variety Comparison'!#REF!) -> 1
A9: STOMATAL-COMPLEX AREA | B9: STOMATAL-COMPLEX AREA | C9: STOMATAL-COMPLEX AREA | D9: STOMATAL-COMPLEX AREA | E9: STOMATAL-COMPLEX AREA | F9: STOMATAL-COMPLEX AREA | G9: STOMATAL-COMPLEX AREA | H9: STOMATAL-COMPLEX AREA | I9: STOMATAL-COMPLEX AREA | J9: STOMATAL-COMPLEX AREA | K9: STOMATAL-COMPLEX AREA | L9: STOMATAL-COMPLEX AREA
A10: Metric | B10: Watered | C10: Drought-stressed | D10: Difference (D − W) | E10: 95% CI low | F10: 95% CI high | G10: p-value | I10: Stomatal result Drought-stressed plants averaged 757 px² (6.9%) smaller stomatal complexes, but uncertainty is substantial and both paired tests are non-significant.
A11: Mean plant-level stomatal-complex area (px²) | B11: =AVERAGEIF('Integrated Plants'!G10:G41,"watered",'Integrated Plants'!AJ10:AJ41) -> 10968.522 | C11: =AVERAGEIF('Integrated Plants'!G10:G41,"drought_stressed",'Integrated Plants'!AJ10:AJ41) -> 10211.455 | D11: =C11-B11 -> -757.0671 | E11: -2766.3328 | F11: 1252.1986 | G11: 0.43445621
A12: Relative difference | B12: =D11/B11 -> -0.069021795
A13: Median paired difference (px²) | D13: -1380.8703
A14: Paired t-test | G14: 0.43445621
A15: Wilcoxon signed-rank sensitivity | G15: 0.40374756
A17: THERMAL AND PROJECTED PLANT-AREA FINDINGS | B17: THERMAL AND PROJECTED PLANT-AREA FINDINGS | C17: THERMAL AND PROJECTED PLANT-AREA FINDINGS | D17: THERMAL AND PROJECTED PLANT-AREA FINDINGS | E17: THERMAL AND PROJECTED PLANT-AREA FINDINGS | F17: THERMAL AND PROJECTED PLANT-AREA FINDINGS | G17: THERMAL AND PROJECTED PLANT-AREA FINDINGS | H17: THERMAL AND PROJECTED PLANT-AREA FINDINGS | I17: THERMAL AND PROJECTED PLANT-AREA FINDINGS | J17: THERMAL AND PROJECTED PLANT-AREA FINDINGS | K17: THERMAL AND PROJECTED PLANT-AREA FINDINGS | L17: THERMAL AND PROJECTED PLANT-AREA FINDINGS
A18: Metric | B18: Watered | C18: Drought-stressed | D18: Difference (D − W) | E18: Pairs | F18: 95% CI | G18: p-value | I18: Thermal result No overall canopy-temperature difference was detected. The QC-filtered projected-area contrast is statistically strong but remains provisional
A19: Canopy mean temperature (°C; individual QC-pass plants) | B19: =I29 -> 25.999552 | C19: =I30 -> 25.79246 | D19: =C19-B19 -> -0.20709242
A20: Canopy temperature paired effect (°C; all 16 pairs) | D20: =AVERAGE('Variety Comparison'!N5:N20) -> -0.15439736 | E20: 16 | F20: −0.577 to 0.268 | G20: 0.44821418
A21: Canopy temperature paired effect (°C; 14 complete QC pairs) | D21: =AVERAGE('Variety Comparison'!AA5:AA20) -> -0.24093075 | E21: 14 | F21: −0.528 to 0.046 | G21: 0.092863113
A22: Projected plant area (px²; individual QC-pass plants) | B22: =K29 -> 5957.4667 | C22: =K30 -> 8650.6 | D22: =C22-B22 -> 2693.1333
A23: Projected plant area paired effect (px²; 14 complete QC pairs) | D23: =AVERAGE('Variety Comparison'!AB5:AB20) -> 2373.7857 | E23: 14 | F23: 968 to 3,779 | G23: 0.0029426662
A27: SOURCE-BACKED TREATMENT SUMMARY | B27: SOURCE-BACKED TREATMENT SUMMARY | C27: SOURCE-BACKED TREATMENT SUMMARY | D27: SOURCE-BACKED TREATMENT SUMMARY | E27: SOURCE-BACKED TREATMENT SUMMARY | F27: SOURCE-BACKED TREATMENT SUMMARY | G27: SOURCE-BACKED TREATMENT SUMMARY | H27: SOURCE-BACKED TREATMENT SUMMARY | I27: SOURCE-BACKED TREATMENT SUMMARY | J27: SOURCE-BACKED TREATMENT SUMMARY | K27: SOURCE-BACKED TREATMENT SUMMARY | L27: SOURCE-BACKED TREATMENT SUMMARY
A28: water_status | B28: n_plants | C28: n_stomata | D28: mean_of_plant_mean_area | E28: median_of_plant_mean_area | F28: sd_of_plant_mean_area | G28: area_unit | H28: n_thermal_plants_qc_passed | I28: mean_canopy_mean_c_qc_passed | J28: mean_canopy_delta_t_air_c_qc_passed | K28: mean_projected_plant_area_px2_qc_passed | L28: mean_projected_plant_area_fraction_qc_passed
A29: watered | B29: 16 | C29: 42 | D29: 10968.522 | E29: 11220.908 | F29: 2536.8101 | G29: px2 | H29: 15 | I29: 25.999552 | J29: 0.99955227 | K29: 5957.4667 | L29: 0.019392795
A30: drought_stressed | B30: 16 | C30: 43 | D30: 10211.455 | E30: 9717.1382 | F30: 2777.8343 | G30: px2 | H30: 15 | I30: 25.79246 | J30: 0.79245985 | K30: 8650.6 | L30: 0.028159505

Sheet Thermal Findings & QC
A1: SeedThermal findings and quality control
A4: QC metric | B4: Value | D4: Finding | E4: Pairs | F4: Mean D − W | G4: 95% CI | H4: Paired t p | J4: QC exclusions NC264G Regular selected 51.6% of the frame; 26-033 Control selected 76.3%. Most valid masks cover 1.4–3.9%. These two rows remain in the integrated ledger with explicit flags and are excluded from the 14-pair projected-area analysis.
A5: July 15 masks passing QC | B5: ='Integrated Plants'!B7 -> 30 | D5: Canopy mean temperature, all pairs | E5: 16 | F5: -0.15439736 | G5: −0.577 to 0.268 °C | H5: 0.44821418
A6: July 15 masks failing QC | B6: =COUNTA('Integrated Plants'!A10:A41)-B5 -> 2 | D6: Canopy mean temperature, complete QC | E6: 14 | F6: -0.24093075 | G6: −0.528 to 0.046 °C | H6: 0.092863113
A7: Complete QC variety pairs | B7: =COUNTA('Variety Comparison'!#REF!)-COUNTA('Integrated Plants'!Z10:Z41) -> -1 | D7: Projected plant area, complete QC | E7: 14 | F7: 2373.7857 | G7: 968 to 3,779 px² | H7: 0.0029426662
A9: THERMAL OBSERVATION LEDGER · ALL SESSIONS | B9: THERMAL OBSERVATION LEDGER · ALL SESSIONS | C9: THERMAL OBSERVATION LEDGER · ALL SESSIONS | D9: THERMAL OBSERVATION LEDGER · ALL SESSIONS | E9: THERMAL OBSERVATION LEDGER · ALL SESSIONS | F9: THERMAL OBSERVATION LEDGER · ALL SESSIONS | G9: THERMAL OBSERVATION LEDGER · ALL SESSIONS | H9: THERMAL OBSERVATION LEDGER · ALL SESSIONS | I9: THERMAL OBSERVATION LEDGER · ALL SESSIONS | J9: THERMAL OBSERVATION LEDGER · ALL SESSIONS | K9: THERMAL OBSERVATION LEDGER · ALL SESSIONS | L9: THERMAL OBSERVATION LEDGER · ALL SESSIONS | M9: THERMAL OBSERVATION LEDGER · ALL SESSIONS | N9: THERMAL OBSERVATION LEDGER · ALL SESSIONS | O9: THERMAL OBSERVATION LEDGER · ALL SESSIONS | P9: THERMAL OBSERVATION LEDGER · ALL SESSIONS | Q9: THERMAL OBSERVATION LEDGER · ALL SESSIONS | R9: THERMAL OBSERVATION LEDGER · ALL SESSIONS | S9: THERMAL OBSERVATION LEDGER · ALL SESSIONS
A10: session_id | B10: plant_id | C10: variety | D10: treatment | E10: group_type | F10: source_file | G10: capture_time | H10: mean_c | I10: median_c | J10: min_c | K10: max_c | L10: std_c | M10: p10_c | N10: p90_c | O10: mtd_c | P10: pixel_count | Q10: delta_t_air | R10: roi_type | S10: session_date
A11: S20260713 | B11: P01 | C11: NC264G | D11: paired(L:Control,R:Regular) | E11: breeding_line | F11: S20260713_P01_NC264G_A.JPG | G11: 2026:07:13 15:13:32.338-04:00 | H11: 23.862238 | I11: 23.892277 | J11: 21.801385 | K11: 24.271899 | L11: 0.20369205 | M11: 23.63546 | N11: 24.060189 | O11: 2.4705134 | P11: 307200 | Q11: -1.1377616 | R11: full_frame | S11: 2026-07-13
A12: S20260713 | B12: P02 | C12: 25203G | D12: paired(L:Regular,R:Control) | E12: breeding_line | F12: S20260713_P02_25203G_A.JPG | G12: 2026:07:13 15:17:40.663-04:00 | H12: 24.224702 | I12: 24.201377 | J12: 23.564501 | K12: 25.463473 | L12: 0.23074705 | M12: 23.989523 | N12: 24.483175 | O12: 1.8989715 | P12: 307200 | Q12: -0.77529791 | R12: full_frame | S12: 2026-07-13
A13: S20260713 | B13: P03 | C13: 25317G | D13: paired(L:Control,R:Regular) | E13: breeding_line | F13: S20260713_P03_25317G_A.JPG | G13: 2026:07:13 15:20:56.558-04:00 | H13: 24.193644 | I13: 24.201377 | J13: 23.146621 | K13: 25.297822 | L13: 0.2418548 | M13: 23.848044 | N13: 24.483175 | O13: 2.1512012 | P13: 307200 | Q13: -0.80635566 | R13: full_frame | S13: 2026-07-13
A14: S20260713 | B14: P04 | C14: 26-016 | D14: paired(L:Regular,R:Control) | E14: breeding_line | F14: S20260713_P04_26-016_A.JPG | G14: 2026:07:13 15:22:14.843-04:00 | H14: 24.028872 | I14: 24.060189 | J14: 22.995051 | K14: 24.904436 | L14: 0.22882277 | M14: 23.777232 | N14: 24.28071 | O14: 1.9093852 | P14: 307200 | Q14: -0.97112822 | R14: full_frame | S14: 2026-07-13
A15: S20260713 | B15: P05 | C15: 26-018 | D15: paired(L:Control,R:Regular) | E15: breeding_line | F15: S20260713_P05_26-018_A.JPG | G15: 2026:07:13 15:23:26.880-04:00 | H15: 24.306889 | I15: 24.342372 | J15: 23.280172 | K15: 25.315271 | L15: 0.19795119 | M15: 24.060189 | N15: 24.553504 | O15: 2.035099 | P15: 307200 | Q15: -0.69311149 | R15: full_frame | S15: 2026-07-13
A16: S20260713 | B16: P06 | C16: 25-014 | D16: paired(L:Regular,R:Control) | E16: breeding_line | F16: S20260713_P06_25-014_A.JPG | G16: 2026:07:13 15:24:32.994-04:00 | H16: 24.316884 | I16: 24.271899 | J16: 23.003973 | K16: 25.533142 | L16: 0.31853105 | M16: 23.989523 | N16: 24.746664 | O16: 2.5291684 | P16: 307200 | Q16: -0.68311618 | R16: full_frame | S16: 2026-07-13
A17: S20260713 | B17: P07 | C17: 25-013 | D17: paired(L:Control,R:Regular) | E17: breeding_line | F17: S20260713_P07_25-013_A.JPG | G17: 2026:07:13 15:26:00.491-04:00 | H17: 24.37212 | I17: 24.342372 | J17: 23.146621 | K17: 25.463473 | L17: 0.24605454 | M17: 24.060189 | N17: 24.69402 | O17: 2.3168519 | P17: 307200 | Q17: -0.62787996 | R17: full_frame | S17: 2026-07-13
A18: S20260713 | B18: P08 | C18: CherokeePurple | D18: paired(L:Regular,R:Control) | E18: named_cultivar | F18: S20260713_P08_CherokeePurple_A.JPG | G18: 2026:07:13 15:27:17.769-04:00 | H18: 24.440091 | I18: 24.483175 | J18: 22.377533 | K18: 25.358882 | L18: 0.223336 | M18: 24.201377 | N18: 24.650129 | O18: 2.9813492 | P18: 307200 | Q18: -0.55990873 | R18: full_frame | S18: 2026-07-13
A19: S20260713 | B19: P09 | C19: 25-12 | D19: paired(L:Control,R:Regular) | E19: breeding_line | F19: S20260713_P09_25-12_A.JPG | G19: 2026:07:13 15:28:57.848-04:00 | H19: 24.545123 | I19: 24.491968 | J19: 23.644327 | K19: 26.12346 | L19: 0.25677927 | M19: 24.271899 | N19: 24.886918 | O19: 2.479133 | P19: 307200 | Q19: -0.45487704 | R19: full_frame | S19: 2026-07-13
A20: S20260713 | B20: P10 | C20: MountainGem | D20: paired(L:Regular,R:Control) | E20: named_cultivar | F20: S20260713_P10_MountainGem_A.JPG | G20: 2026:07:13 15:30:33.562-04:00 | H20: 24.51595 | I20: 24.553504 | J20: 23.63546 | K20: 25.18433 | L20: 0.19627738 | M20: 24.245459 | N20: 24.764206 | O20: 1.5488697 | P20: 307200 | Q20: -0.48404996 | R20: full_frame | S20: 2026-07-13
A21: S20260713 | B21: P11 | C21: 26-037 | D21: paired(L:Control,R:Regular) | E21: breeding_line | F21: S20260713_P11_26-037_A.JPG | G21: 2026:07:13 15:31:46.269-04:00 | H21: 24.560408 | I21: 24.491968 | J21: 23.803792 | K21: 26.270521 | L21: 0.2328867 | M21: 24.342372 | N21: 24.895677 | O21: 2.4667288 | P21: 307200 | Q21: -0.43959171 | R21: full_frame | S21: 2026-07-13
A22: S20260713 | B22: P12 | C22: 26-033 | D22: paired(L:Regular,R:Control) | E22: breeding_line | F22: S20260713_P12_26-033_A.JPG | G22: 2026:07:13 15:33:13.685-04:00 | H22: 24.358937 | I22: 24.359983 | J22: 21.285474 | K22: 25.306547 | L22: 0.22325642 | M22: 24.060189 | N22: 24.623786 | O22: 4.0210734 | P22: 307200 | Q22: -0.64106315 | R22: full_frame | S22: 2026-07-13
... A74: S20260715 | B74: P32 | C74: MountainHeritage | D74: Regular | E74: named_cultivar | F74: S20260715_P32_MountainHeritage_Regular.JPG | G74: 2026:07:15 14:20:32.888-04:00 | H74: 25.343926 | I74: 25.367602 | J74: 24.869396 | K74: 26.002196 | L74: 0.26305202 | M74: 24.956974 | N74: 25.67234 | O74: 1.1327991 | P74: 6137 | Q74: 0.34392576 | R74: auto_mask | S74: 2026-07-15
A78: JULY 15 VARIETY-LEVEL TREATMENT CONTRASTS | B78: JULY 15 VARIETY-LEVEL TREATMENT CONTRASTS | C78: JULY 15 VARIETY-LEVEL TREATMENT CONTRASTS | D78: JULY 15 VARIETY-LEVEL TREATMENT CONTRASTS | E78: JULY 15 VARIETY-LEVEL TREATMENT CONTRASTS | F78: JULY 15 VARIETY-LEVEL TREATMENT CONTRASTS | G78: JULY 15 VARIETY-LEVEL TREATMENT CONTRASTS | H78: JULY 15 VARIETY-LEVEL TREATMENT CONTRASTS | I78: JULY 15 VARIETY-LEVEL TREATMENT CONTRASTS | J78: JULY 15 VARIETY-LEVEL TREATMENT CONTRASTS | K78: JULY 15 VARIETY-LEVEL TREATMENT CONTRASTS | L78: JULY 15 VARIETY-LEVEL TREATMENT CONTRASTS | M78: JULY 15 VARIETY-LEVEL TREATMENT CONTRASTS | N78: JULY 15 VARIETY-LEVEL TREATMENT CONTRASTS | O78: JULY 15 VARIETY-LEVEL TREATMENT CONTRASTS | P78: JULY 15 VARIETY-LEVEL TREATMENT CONTRASTS | Q78: JULY 15 VARIETY-LEVEL TREATMENT CONTRASTS | R78: JULY 15 VARIETY-LEVEL TREATMENT CONTRASTS | S78: JULY 15 VARIETY-LEVEL TREATMENT CONTRASTS
A79: variety | B79: group_type | C79: Control | D79: Regular | E79: diff_C_minus_R | U79: Variety | V79: Control | W79: Regular
A80: NC264G | B80: breeding_line | C80: 25.53801 | D80: 23.446143 | E80: 2.0918669 | U80: =A80 -> NC264G | V80: =C80 -> 25.53801 | W80: =D80 -> 23.446143
A81: MountainGem | B81: named_cultivar | C81: 26.069175 | D81: 25.710484 | E81: 0.35869076 | U81: =A81 -> MountainGem | V81: =C81 -> 26.069175 | W81: =D81 -> 25.710484
A82: NC261G | B82: breeding_line | C82: 26.006032 | D82: 25.749493 | E82: 0.25653854 | U82: =A82 -> NC261G | V82: =C82 -> 26.006032 | W82: =D82 -> 25.749493
A83: 26-037 | B83: breeding_line | C83: 25.88677 | D83: 25.773783 | E83: 0.11298666 | U83: =A83 -> 26-037 | V83: =C83 -> 25.88677 | W83: =D83 -> 25.773783
A84: MountainGirl | B84: named_cultivar | C84: 26.084708 | D84: 26.066199 | E84: 0.018509137 | U84: =A84 -> MountainGirl | V84: =C84 -> 26.084708 | W84: =D84 -> 26.066199
A85: MountainHeritage | B85: named_cultivar | C85: 25.357424 | D85: 25.343926 | E85: 0.013498686 | U85: =A85 -> MountainHeritage | V85: =C85 -> 25.357424 | W85: =D85 -> 25.343926
A86: 25-013 | B86: breeding_line | C86: 26.24766 | D86: 26.235427 | E86: 0.01223295 | U86: =A86 -> 25-013 | V86: =C86 -> 26.24766 | W86: =D86 -> 26.235427
A87: 25317G | B87: breeding_line | C87: 26.180443 | D87: 26.232169 | E87: -0.051725319 | U87: =A87 -> 25317G | V87: =C87 -> 26.180443 | W87: =D87 -> 26.232169
A88: 25-014 | B88: breeding_line | C88: 26.297342 | D88: 26.382624 | E88: -0.085282695 | U88: =A88 -> 25-014 | V88: =C88 -> 26.297342 | W88: =D88 -> 26.382624
A89: AlisaCraig | B89: unknown | C89: 26.136908 | D89: 26.308309 | E89: -0.17140028 | U89: =A89 -> AlisaCraig | V89: =C89 -> 26.136908 | W89: =D89 -> 26.308309
A90: 25-12 | B90: breeding_line | C90: 25.613819 | D90: 25.867038 | E90: -0.25321866 | U90: =A90 -> 25-12 | V90: =C90 -> 25.613819 | W90: =D90 -> 25.867038
A91: 26-016 | B91: breeding_line | C91: 25.035619 | D91: 25.370568 | E91: -0.33494915 | U91: =A91 -> 26-016 | V91: =C91 -> 25.035619 | W91: =D91 -> 25.370568
... A95: 25203G | B95: breeding_line | C95: 25.051257 | D95: 26.327708 | E95: -1.2764506 | U95: =A95 -> 25203G | V95: =C95 -> 25.051257 | W95: =D95 -> 26.327708
